id;front_content;back_content;front_sound_file_path
1;television;din6 si6;1917
2;soccer ball/soccer;zuk1 kau4;572
3;living room;haak3 teng1;435
4;Asia;aa3 zau1;3431
5;to walk/to leave;zau2;2046
6;stubbornly/relentlessly;ngaang6 hai6;3053
7;to take away/to take out/to bring over;ling1;486
8;mirror/lens;geng3;2773
9;intelligent/smart;cung1 ming4;389
10;academic degree/diploma;hok6 wai2;3110
11;Do you have an English menu?;nei5 dei6 jau5 mou5 jing1 man4 caan1 paai4 aa1?;1677
12;to lend/to borrow/to take an opportunity;ze3;2345
13;(coll.) maternal grandfather;lou5 je4;2353
14;classifier for birds and certain animals/one of a pair/some utensils/vessels;zek3;2700
15;Pu'er tea;pou2 lei5;3005
16;temperament/disposition;pei4 hei3;1933
17;bread;min6 baau1;692
18;certainly/definitely;jat1 sat6;1618
19;loss of face/pardon me/excuse me;sat1 lai5;1495
20;towel;mou4 gan1;3420
21;eye;ngaan5;2884
22;lake;wu4;465
23;performance/to perform;biu2 jin2;2352
24;as one wishes/as one pleases/casual/careless;ceoi4 bin6;2764
25;to conduct oneself/to behave with integrity;zou6 jan4;1345
26;to lift/to hold up/to raise;geoi2;2339
27;son;zai2;535
28;ordinarily/usually;ping4 si4;408
29;chair;dang3;1692
30;genuine/real;zan1 zing3;978
31;important/significant/major;zung6 jiu3;1160
32;to reserve/to agreeto subscribe;deng6;2169
33;I would like to order;ngo5 soeng2 giu3;261
34;singing star/famous singer;go1 sing1;1078
35;(point in) time/moment;si4 hau6;1179
36;office;baan6 gung1 sat1;1625
37;homework;gung1 fo3;1574
38;paperclassifier for documents, letter etc;zi2;905
39;small/young;sai3;2820
40;Can you help me translate it?;nei5 hak1 m4 hak1 ji5 bong1 ngo5 faan1 jik6 aa1?;2955
41;pig;zyu1;71
42;to learn/to study;hok6;3410
43;to understand;ming bak;1316
44;young lady/miss;siu je;2426
45;(of a child) obedient, well-behaved;gwaai1;2666
46;thing/matter;je5;2244
47;go down/descend/down/downward/carrying on an action/keeping a condition unchanged;laai6 heoi2;1070
48;Mandarin;pou2 tung1 waa2;2380
49;freezer/deep freeze;bing1 gwai6;3031
50;sheep/goat;joeng4;91
51;cup/classifier for containers of liquids: glass/cup;bui1;3016
52;here;ni1 do3;1143
53;come in;jap6 lei4;1020
54;library;tou4 syu1 gun2;1828
55;dentist;ngaa4 ji1;1505
56;often/constantly;si4 si4;3561
57;market place/market (also in abstract);si5 coeng4;449
58;to enter/to go into/to join;jap6;2135
59;to sing;coeng3;1659
60;every day;jat6 jat6;1153
61;circumstances/situation;cing4 ying4;1123
62;lead/pencil;jyun4 bat1;2513
63;how?how is it?;dim2 joeng6;3447
64;classmate;tung4 hok6;807
65;red;hung4;1775
66;handsome;jing1 zeon3;4
67;centimeter;lei4 mai5;1702
68;prefix indicating ordinal number;dai6;2879
69;to cover/to hold/package/container/bag;baau1;2570
70;married woman/Mrs./Madam/wife;taai3 taai3;305
71;fetch/take/get/ask for;lo2;1426
72;394052;;None
73;to hold (a meeting, ceremony etc);geoi2 haang4;2914
74;to break something;daa2 laan6 zo2;1448
75;useless;mou5 jung6;2054
76;husband;lou5 gung1;575
77;dry;gon1;563
78;simple;gaan2 daan1;1925
79;to make an appointmentto invite;joek3;2851
80;passport;paa1 si6 but3;773
81;weekdays;haan4 jat6;3377
82;aunt (father's younger sister);gu1 ze2;1108
83;oolong (tea);wu1 lung4;1575
84;to rememberto bear in mindto learn by heart;gei3 zyu6;3176
85;namely/that is;jik6 zik1;3524
86;how much?;gei2 do1;641
87;absolutely/surely/directly;zik6 cing4;1161
88;Cheers!;jam2 bui1;1064
89;to accuse wrongly/to treat unjustly/injustice/wronged;jyun1 wong2;1277
90;this;ne1 go3;1091
91;to lie down;fan3 dai1;2323
92;life/lifestyle;sang1 wut6;3020
93;street;gaai1;297
94;glove/mitten;sau2 tou3;2729
95;lazy;laan5;2887
96;danger/dangerous;ngai4 him2;270
97;to sleep (Cantonese)Mandarin equivalent: 睡shuì;xùn;2574
98;cake;daan6 gou1;1200
99;wrist watch;sau2 biu1;1320
100;to press;gam6;3034
101;;[sound:rec1446758865.mp3];None
102;sentence-final particle used to emphasize the certainty of a changed condition/the finality of a completed action/to express assurance/to indicate an exclamation;laak3;1373
103;theater;hei3 jyun2;3458
104;Japan/Japanese;jat6 bun2;125
105;to look forward to;kei4 doi6;460
106;share/to divide/to separate/one tenth (of certain units)minute/a point (in sports or games)/0.01 yuan;fan1;2158
107;color;ngaan4 sik1;630
108;at that time;go2 zan6 si4;52
109;autumn;cau1 tin1;1606
110;hurried/anxious;sam1 gap1;767
111;online;mong5 soeng6;1474
112;feeling/emotion/deep affection;gam2 cing4;1264
113;serves one right/had it coming/blameworthy;dai2 sei2;2351
114;bowl/cup;wun2;2045
115;interesting/cute;dak1 ji3;2775
116;Good afternoon!;ng5 ngon1;365
117;to meet/to see each other;gin3 min6;1998
118;broker ;ging1 gei2;770
119;business executive/foreign business manager/top class of kindergarten or school grade;daai6 baan1;1133
120;restaurant;caan1 gun2;3090
121;to repair/to patch/to supplement;bou2;3030
122;tonight;jīn wǎn;2869
123;singer;go1 sau2;1324
124;to save sb's life(interjection) Help!(interjection) Save me!;gau3 meng6;806
125;medicine;joek6;1122
126;May I see the bill please?;ngo5 hak1 m4 hak1 ji5 tai2 haa2 zoeng3 daan1 aa1;1807
127;frank/straightforward/honest/to confess;taan2 baak6;1406
128;to marry/to get married;git3 fan1;1170
129;???????;mai5 fan2;3403
130;thirsty;hau2 hot3/geng2 hot3;None
131;doctor;ji1 saang1;2280
132;world;sai3 gaai3;170
133;to topple/to collapse;lam1;488
134;water;seoi2;2023
135;pen/pencil;bat1;245
136;I think there's a mistake on this bill;ngo5 gaau3 dak1 ne1 zoeng1 daan1 jau5 jat1 do6 co3 zo2;1021
137;to record/to note/to remember;gei3;1686
138;down/below/next (week etc)/second (of two parts)/to go down;haa5;1827
139;moodframe of mind;sam1 cing4;271
140;jacket;lau1;3398
141;earth;dei6;2384
142;is there?/are there?/do you have?;jau5 mou5;1814
143;shrimp;haa1;192
144;pear;lei4;1250
145;a boy/a male child;naam4 zai2;1622
146;to fly/to cut (hair)/fare ticket;fei1;2487
147;evidently/really/indeed;dik1 kok3;1503
148;Pleased to meet you;hou2 hoi1 sam1 jan6 sik1 nei5;2911
149;forest;sam1 lam4;2916
150;one/self/;zi6 gei2;2287
151;full (of food);baau2;2602
152;many/much/more;do1;1139
153;to solve/to settle (a dispute)/to resolve;gaai2 kyut3;2411
154;-ing;gan2;946
155;according to/to shine/to illuminate;ziu3;209
156;2 years ago;loeng5 nin4 cin4;247
157;fork;caa1;18
158;door;mun4;1798
159;opportunitychance;gei1 wui6;1975
160;despicable;zin6 gaak3;377
161;twoboth;liǎng;2266
162;joke;siu3 waa2;1741
163;to showerto bathe;cung1 loeng4;3371
164;business;saang1 ji3;2793
165;noodles;min6;2363
166;wedding/marriage;fan1 si6;285
167;to go out;ceot1 heoi2;766
168;everyone;dai ga;250
169;thief;siu2 tau1;3466
170;(coll.) bicycle/bike;daan1 ce1;2247
171;school;hok6 haau3;1313
172;fake/vacation/holiday;gaa2 gaa3;None
173;or (used in questions giving a choice);ding6 hai6;2311
174;needle/pin/injection;zam1;945
175;Not only...but also;m4 zi2... zung6;915
176;to give change;zaau2 cin2;148
177;possessive particle;ge3;2825
178;afternoon;aan3 zau3;3094
179;new;san1;994
180;to be convinced (that sth is true)/to believe;soeng1 seon3;1163
181;to pay back/to return/still/yet;waan4;1098
182;chat/talk/negotiate/get on with;king1;1636
183;day before yesterday;cin4 jat6;1597
184;to freezeto feel very cold;dung3;1475
185;novelfiction;siu2 syut3;1032
186;until now;deoi3 ji4 gaa1;2650
187;wine (esp. rice wine)/alcoholic beverage;zau2;268
188;preparation/to prepare;zeon2 bei6;2359
189;difficult/hard;gaan1 naan4;1391
190;anxious/worried;daam1 sam1;913
191;to roast;siu1;3052
192;man power/manual work;jan4 gung1;2632
193;;[sound:rec1446699476.mp3];None
194;easy/likely/liable;jung4 ji6;3060
195;to stay up late;ngaai4 je6;150
196;[final particle] merely/only (used in statement or in rhetorical question);zaa3;3486
197;to be careful/to take care;siu2 sam1;3493
198;????????;si6 zap1 zing1 fung6 zaau2;3119
199;can you recommend anything?;jau5 mat1 je5 hak1 ji5 gaai3 siu6 aa1;2609
200;to happen/to occur;faat3 saang1;2292
201;to annoy/to irritate;gik1 sei2;889
202;to be afraid/to fear/perhaps;paa3;1990
203;to go over there;gwo1 heoi2;980
204;incorrect/not proper;m4 ngaam1;2165
205;no wonder;m4 gwaai3 dak1;1968
206;keyboard;gin6 pun4;3317
207;to be enough;gau3;1880
208;Tieguany/in tea;tit3 gun1 jam1;2025
209;an hour;jat1 go3 zung1;3203
210;bed/couch/classifier for beds;cong4;3028
211;right;jau6;1288
212;summer vacation;syu2 gaa3;2994
213;to hold/to grasp by hand;zaa1;60
214;wallet/purse;ngan2 baau1;1361
215;orange (fruit/tree/color);caang2;1399
216;beach;saa1 taan1;1129
217;ugly;wat6 dat6;3173
218;spoon;ci4 gang1;1404
219;to go outto come out;ceot1;696
220;suit/Western-style clothes;sai1 zong1;1461
221;to pass a test/to meet the standard required/qualified;hap6 gaak3;1120
222;classifier for enumerated events: time;ci3;2189
223;to draw/to paint (6th tone)/drawing, painting (2nd tone);waa2*6;1956
224;stable/calm/composesurely/certainly/definitely/to decide/to fix/to order/to book/to subscribe;ding6 or deng6;1410
225;to watch a movie;tai2 hei3;1826
226;mosquito;man1;2084
227;I'd like to reserve a table;ngo5 soeng2 deng6 jat1 zoeng1 toi4;811
228;window;coeng1;2598
229;classroom;gaau3 sat1;1253
230;chicken egg;gai1 daan2;859
231;to kick up a fuss;nau2 gai2;373
232;radio;sau1 jam1 gei1;1977
233;the back of the human body;bui3 zek3;334
234;in former times/the olden days;gau6 si4;340
235;tea;caa4;3508
236;cheapflat, level, even;peng4 or ping4;None
237;to experience/experience;ging1 jim6;2269
238;to run/to jog;paau2 bou6;1470
239;far;jyun5;1723
240;hot (of weather);jit6;897
241;moist/wet;sap1;847
242;how much/how many/several/a few;gei1;3273
243;immediately/right away;zik1 haak1;1616
244;to cook/to boil;zyu2;2721
245;convenient;fong1 bin6;2040
246;refrigerator;syut3 gwai6;40
247;smoke cigarette;jin1;591
248;today;gam1 jat6;2701
249;to have a fever;faat3 siu1;313
250;How's it going?;dim ah;31
251;first (of all)/in the first place;sau2 sin1;571
252;hatcap;mou2;3550
253;to dance;tiu3 mou5;1395
254;to save/to rescue;gau3;1836
255;secret;bei3 mat6;3506
256;to forgive/to pardon;jyun4 loeng6;1156
257;but/however/only/merely;bat1 gwo1;3075
258;zero;ling4;3311
259;to leave (a message etc)/to stay/to remain/to keep;lau4;178
260;important/critical/vital;gan2 jiu1;2483
261;winter;dung1 tin1;1983
262;fruit;saang1 gwo2;103
263;hospital;ji1 jyun2;2178
264;this way/that way;daam6 joeng6;2774
265;gasoline;din6 jau4;2660
266;to estimate/appriase/assess;gu2;349
267;What's your name?;nei5 giu3( zou6) mat1 meng4 aa1？;2779
268;I would like to move to another room;ngo5 soeng2 wun6 gwo1 gaan1 fong2;1981
269;eldest brother;daai6 go1;709
270;drunk;zeoi3;2204
271;to finish/to have completed;jyun4;2018
272;percent;baak3 fan6 zi1;1166
273;to get worse/to degenerate/to go bad (food);bin3 waai6;1185
274;congratulations;gung1 hei2;2000
275;to hold an umbrella;daam1 ze1;679
276;adorable/cute/lovely;ho2 ngoi3;661
277;concert;jin2 coeng3 hui2;2560
278;medical/medicine/to cure/to treat;ji1;2185
279;train station;fo2 ce1 zaam6;395
280;eat!bon appetit!;sik6 faan6;2191
281;to put/to let go;fong3;3073
282;company/firm/corporation;gung1 si1;853
283;stupid;ceon2;873
284;heart;sam1;2993
285;if;jyu4 gu2;2302
286;do not care/not concerned with/regardless of/no matter what;m4 lei5;1882
287;attend class;soeng5 tong4;3565
288;to force (sb to do sth)/to compelto pressure;bik1;3480
289;lighter/cigarette lighter;daa2 fo2 gei1;2161
290;to hit/to strike ;daa1;1379
291;open (the door);hoi1 mun4;1193
292;wok;wok6;1736
293;flower/to spend (money, time);faa1;419
294;We have a reservation;ngo5 dei6 deng6 zo2 zoeng1 toi4 ge3 laak3;2536
295;shut up;sau1 seng1;2078
296;not/negate verb or adj.;m4;1318
297;since (a time)/ever since;zi6 cung4;1356
298;can/may/able to;hak1 ji5;1437
299;boss/business proprietor;lou5 baan2;1919
300;almost;zau6 lei4;1874
301;reason/grounds/justification;lei5 jau4;64
302;socks/stockings;mat6;2316
303;to do work/to do things;zou6 je5;1982
304;to need/to be necessary;sai2;3510
305;really;zan1 hai6;921
306;to request/to beg/to beseech;kau4;2814
307;dish/plate;dip6;117
308;[prep] used as a disposal marker very;zoeng1;1238
309;to pay the bill (in a restaurant etc);maai4 daan1;1210
310;clear/distinct/to understand thoroughly;ceng1 co2;2957
311;to follow from/because of/reason/cause;jau4;2282
312;to look at;tai2;20
313;always (previously)/a period of time in the recent past;jat1 hoeng3;2522
314;to keep thinking about/to be anxious about/to be preoccupied;gwaa3 zyu6;1119
315;(of a woman) to marry/to marry off a daughter;gaa3;72
316;to sign one's name/visa;cim1;610
317;final particle for making an assertion;gaa2;741
318;to block; to be in the way; to obstruct;zo2 zyu6;15
319;classifier for years (of age);seoi3;769
320;expresses an idea imposing a limitation of some kind;ge3 ze1;330
321;beer (loanword);be1 zau2;2639
322;never before;mei6 cang4;3232
323;although/even though/even if;seoi1 jin4;1459
324;animal;dung6 mat6;585
325;lettuce;saang1 coi3;690
326;soap;faan1 gaan2;2193
327;a lot/many;a great deal of;daai6 baa2;2546
328;There's no hot water;mou5 jit6 seoi2;168
329;sun;taai3 joeng4;300
330;father/dad (informal);lou5 dau2;1338
331;sand;saa1;2686
332;plastic bag;gaau1 doi2;17
333;amiable/cordial/close and dear/familiar;can1 cit3;1299
334;face/turn towards/direction/inclination/tendency/towards/to/from/against;hoeng3;1950
335;meaning/intention;ji3 si1;1455
336;expensive;gwai3;2970
337;eachevery;mui5;736
338;a little;di1;1497
339;doctorate student;bok3 si6 saang1;3217
340;cannot stand it anymore;ding2 m4 zyu6;1788
341;to concern/to involve;gwaan1;1208
342;book;syu1;143
343;beyond compare;mou5 dak1 ding2;2763
344;sorry;deoi3 m4 zyu6;74
345;blackboard;haak1 baan2;2534
346;appearance shape/manner/pattern/way;joeng6;1231
347;arrogant;zi6 daai6;1257
348;???????;haa1 gau2 coi3 gaau2;385
349;honestsincereopen and guilelessnaive;lou5 sat6;927
350;cannot make it/too late for sth./;gon2 m4 cit3;3255
351;clothing;saam1 fu3;2396
352;Wan tan;wan4 tan1;3409
353;what time?when?;gei1 si4;3389
354;There's a few problems with the room;gaan1 fong2 jau5 di1 man6 tai4;574
355;impatient;mou5 noi6 sing3;2868
356;younger female cousin;biu2 mui6;366
357;soon/a moment/a while/a burst/a fit;jat1 zan6;2267
358;curious;taam1 dak1 ji3;2298
359;to teach;gaau3;3233
360;altogether;jat1 gung6;312
361;summer;haa6 tin1;416
362;a local/native person;bun2 dei6 jan4;496
363;nervous/tense/stressed;gan2 zoeng1;2265
364;Mister/husband;sin1 saang1;1416
365;small bird;zoek3;1544
366;gradeyear (in school, college etc);nin4 kap1;1035
367;to wait for;dang2;1624
368;moon/month;jyut6;1840
369;talented/smart/clever;lek1;998
370;table;toi4;748
371;small bag/wallet/pouch/pocket (in clothing);ho4 baau1;1762
372;younger sister;mui6;2753
373;to date sb/to court;paak3 to1;1991
374;sweet;tim4;1115
375;to catch cold;soeng1 fung1;3239
376;head/hair style/the top/beginning;tau4;2126
377;if/in case/what if;joek6 gwo2;3242
378;10,000;maan6;801
379;old/opposite: new 新;gau6;166
380;to rise/to raise/to get up;hei2;1633
381;meeting/conference;wui6 ji5;1175
382;email;din6 jau4;1150
383;to deep fry;zaa3;1583
384;to take care of/to manage;daa2 lei5;2408
385;rockstone;sek6;1949
386;purple;zi2 sik1;556
387;wardrobe (to hang clothes);ji1 gwai6;1646
388;to dream;faat3 mung6;1884
389;speech/saying/words;syut3 waa6;3126
390;to stir-fry;caau2;935
391;Cantonese particle equivalent to 了le or 過guò|过guò;zo2;2995
392;day of a month/number;hou4;3505
393;eat while it's hot;can3 jit6 sik6;2103
394;assume;ji5 wai4;3042
395;conscientiousearnestserious;jing6 zan1;2387
396;fruit juice;gwo2 zap1;520
397;to mailto send;gei3;2915
398;to choose/to pick/to sort out/to pick up;gaan2;2
399;confused;mung2 bai3 bai3;2210
400;correct/suitable/to suit sb/just now;ngaam1;3487
401;surely/certainly/necessarily/must;jat1 deng6;3226
402;different;m4 tung4;2061
403;most(more colloquial in Cantonese than 最);zi3;1830
404;face/side/surface/noodles;min6;2026
405;plane ticket;gei1 piu3;3514
406;to read/to study (a degree course)/to read aloud;nim6;1112
407;grass;cou2;1013
408;Merry Christmas and Happy New Year;sing3 daan3 zit3 tung4 san1 nin4 faai3 lok6;2723
409;car/automobile;hei3 ce1;2465
410;durian;lau4 lin4;3018
411;why;dim2 gaai2;223
412;Is there a restaurant nearby?;fu6 gan6 jau5 mou5 caan1 gun2 aa1?;2140
413;Guangdong;gwong2 dung1;3298
414;to move (i.e. relocate oneself)/to move (sth relatively heavy or bulky);bun1;1674
415;see you tomorrow;teng1 jat6 gin3;318
416;to scold/berate/quarrel with;naau6;1182
417;to repeat/furthermore/even/still/heavy;cung4 cung5;None
418;all/also;dou1;2076
419;(reception) hall/living room;teng1;1725
420;to buy/to purchase;maai5;517
421;east,south,west and north/all directions;dung1 naam4 sai1 baak1;1764
422;health/healthy;gin6 hong1;1619
423;blood;hyut3;2834
424;satisfiedpleasedto one's satisfaction;mun5 ji3;2361
425;both husband and wife;loeng5 gung1 po4;1062
426;soon/a moment/a while;jat1 zan6 gaan1;2988
427;driver's licence;ce1 paai4;916
428;extremely/pole (geography, physics)/utmost/top;gik6;2406
429;to speak up/to give voice;ceot1 seng1;3008
430;weather;tin1 hei3;1746
431;Please speak more slowly;ceng2 nei5 gong2 maan6 di1 nei5 hak1 m4 hak1 ji5 gong2 maan6 siu2 siu2 aa1?;None
432;girl;jyu5 zai2;478
433;to begin/beginning/to start;hoi1 ci2;445
434;each and every one;go3 go3;357
435;excuse me/sorry;m4 hou2 ji3 si1;241
436;to clean/clean;ceng1 git3;50
437;to meddle in;caap3 sau2;1296
438;clumsy/careless;leon4 zeon6;2533
439;classifier for books, periodicals, files/originally;bun2;3144
440;history;lik6 si2;2308
441;Toronto;do1 leon4 do1;259
442;egg plant;aai2 gwaa1;1821
443;especially/on purpose;zyun1 dang1;1864
444;to see/to meet;jiàn;893
445;a dime/one-tenth of a HK dollar/0.1元;hou4 zi2;3280
446;how would I know...;dim2 zi1;2987
447;to help/to assist;bong1;1855
448;asparagus;lou4 seon2;1204
449;to wear/to pierce through;cyun1;2283
450;to hear;teng1 gin3;1787
451;duck;ngaap3;2227
452;inside;jap6 bin6;3563
453;sound/voice/noise;seng1;1456
454;bone;gwat1;3495
455;to get angry/to take offense;nau1;1114
456;whole heartedly/heart and soul;jat1 sam1;993
457;light (weight);heng1;1094
458;make up;faa3 zong1;1733
459;wirepower cord;din6 sin3;1871
460;to chase after/to seek/to court;zeoi1;1002
461;watermelon;sai1 gwaa1;1319
462;old friend;lou5 jau5;3328
463;body/life/oneself;san1;2107
464;early;zou2;1639
465;that;go2 go3;1535
466;daughter;jyu5;1481
467;before/formerly/previous;ji5 cin4;3136
468;careful/caution | syn 小心, 當心;hou2 seng1;90
469;also/to be capable of/to be able to/can;nang4 gau3;2021
470;spinach;bo1 coi3;2641
471;cell phone/mobile phone;sau2 gei1;1805
472;discount;zit3 kau3;3194
473;soda;hei3 seoi2;3362
474;to love;ngoi3;3077
475;always/at all times/never (if used in negative sentence);cung4 lai4;147
476;happiness/happy/blessed;hang6 fuk1;70
477;to encourage;gu2 lai6;3275
478;or (statements)/maybe/perhaps;waak6 ze2;2543
479;pointless/meaningless/unnecessarily;mou4 wai6;3516
480;to go upstairs;soeng5 lau4;276
481;intense/fierce/formidable;lei6 hoi6;2892
482;ministry/department/section/part (as in west part);bou6;203
483;stapler;deng1 syu1 gei1;2575
484;kind-hearted;sin6 loeng4;2234
485;black;haak1;1279
486;twenty (20), in a limited number of set expressions;jaa6;1663
487;to spend/to washto develop (photo);sai2;3510
488;panic/panicky;hung2 fong1;2059
489;bottle;zeon1;668
490;absent-minded;sam1 bat1 zoi6 jin4;3017
491;to be;hai6;1073
492;to have;jau5;3337
493;peach;tou4;398
494;to hide;nei1 maai4;3137
495;they;koei5 dei3;2123
496;subway/metro;dei6 tit3;564
497;laborious/exhausting;san1 fu2;1974
498;to instruct/to command;fan1 fu3;1914
499;shirt/jacket;saam1;1912
500;airport;gei1 coeng4;2761
501;ball;bo1;3101
502;Are you free this evening?;nei5 gam1 maan5 dak1 m4 dak1 gaan1 aa1?;957
503;Wish you good health;gyun1 tai2 gin6 hong1;3132
504;pick up/pack up/tidy up/clean up;zap1;812
505;to sell;maai6;1576
506;to dismiss students at the end of the school day;fong3 hok6;1861
507;to receive/to accept/to put away;sau1;2464
508;furthermore/in addition/moreover;cung4 jau5;3368
509;to appear/to arise;ceot1 jin6;3502
510;bad/spoiled;waai6;796
511;airplane;fei1 gei1;2619
512;amazing, awesome, terrificoutrageous(almost like 厉害);sai1 lei6;1485
513;determined/stern/decided/firm;jat1 jyu1;3150
514;to express/to show;biu2 si6;2289
515;peace and happiness;ngon1 lok6;2260
516;brown;fe1 sik1;2871
517;???????;sin1 zuk1 gyun2;2930
518;lawyer;leot6 si1;715
519;dot/o'clock/to choose/to order (food in a restaurant)/to touch briefly/to ignite;dim2;97
520;head of a (government etc)/department or section chief;bou6 coeng4;2567
521;gym;gin6 san1 sat1;2663
522;diarrhea;tou5 ngo1;1194
523;lucky money;lei6 si6;1230
524;structural particle: used after a verb (or adjective as main verb)/linking it to following phrase indicating effect/degree/possibility/to be capable or possible/to obtain/to get/to have to;de;9
525;hungry;tou5 ngo6;1530
526;to carry (in one's arms)/to hug/to embrace to cherish;pou5;713
527;to close/to turn off/to bolt;saan1;3289
528;vitality/spirit/consciousness;zeng1 san4;525
529;to like;zung1 ji3;2431
530;to do/to make;zuò;2242
531;sea fruit/shrimp dumplings;haa1 gaau2;477
532;canjarpot;gun3;533
533;Chinatown;tong4 jan4 gaai1;746
534;hightall;gou1;3253
535;cabbage;je4 coi3;2219
536;restaurant;zau2 lau4;758
537;nose;bei6;3158
538;This is my phone number;ni1 go3 hai2 ngo5 ge3 din6 waa2 hou4 maa5;216
539;soup;tong1;1033
540;to plan/to intend;daa2 syun3;2951
541;park (for public recreation);gung1 jyun4;1393
542;again/once more/still/further then (after sth, and not until then);zoi3;3536
543;to help/helper/assistant;bong1 sau2;2080
544;to live/to dwell/to stay;zyu6;3153
545;here/this side;ni1 bin6;1446
546;classifier for flat objects, sheet;zoeng1;795
547;to wipe/to smear;mut3;1689
548;Get well soon;faai3 di1 hou2 faan1 aa1;2082
549;wheel;leon4;3547
550;whole body;zau1 san1;327
551;parents of one's daughter-in-law or son-in-law/relatives by marriage;can3 gaa1;1409
552;actually is;kok3 hai6;510
553;to carry (hanging down from the hand)to lift/to put forward/to mentionto raise (an issue);tai4;2476
554;period of time/time;kei4 gaan1;3440
555;basically/fundamentally/simply/absolutely (not)/(not) at all;gan1 bun2;1608
556;used as question tag or simple reminder/[interjection] tut-tut - used to express disapproval or resentment;hè;850
557;up to the maximum/upper limit/at most;zi3 do1;531
558;Happy birthday;saang1 jat6 faai3 lok6;2174
559;crazy/insane;ci1 sin3;2485
560;a cover/a lid/to cover/police raid;kam2;2889
561;multi-storey building/level of a building;lau4;1017
562;to write;se2;1660
563;have seen/have met;gin3 dou3;3423
564;sentence/clause/phrase/classifier for phrases or lines of verse;geoi1;2129
565;width/roll/classifier for textiles or pictures;fuk1;2859
566;blue;laam4;2741
567;must/by all means;cin1 kei4;950
568;originally/formerly/so/actually/as it turns out;jyun4 lai4;1251
569;uncle (father's younger brother);aa2 suk1;837
570;comfortable/feeling well;syu1 fuk6;2199
571;to read/to study;duk6;2812
572;bedroom;seoi6 fong2;1029
573;to break up (dating);fan1 sau2;1239
574;tip (at a restaurant);tip3 si6;541
575;slow;maan6;1312
576;to grab/to rob/to vie for/to compete for/to rush;coeng1;542
577;most/the most/-est (superlative suffix);zeoi3;1490
578;to pass by/to go through;ging1 gwo1;3294
579;classifier for sealed objects, esp. lettersenvelopeseal;fung1;1389
580;person/people;jan4;3188
581;meal/classifier for meals;caan1;2220
582;motorbike;din6 daan1 ce1;887
583;n. talk/speech/n. language;waa2;489
584;yesterday night/last night;cam4 maan5;1697
585;menu;caan1 paai4;3086
586;to deliver/to present (with)/to see off/to send;sung3;1225
587;car;ce1;617
588;child/children;sai3 lou6 zai2;1744
589;to drink;jam2;11
590;How do you say ... in Cantonese?;... gwong2 dung1 waa2 dim2 gong2 aa1？;2676
591;(finger) ring;gaai3 zi2;59
592;to win;jeng4;3501
593;to eat;shí;388
594;nearclose to;gan6;2296
595;so-called/what is called;so2 wai6;88
596;telephone/phone call/phone number;diàn huà;1593
597;to translate/translator/translation;fān yì;1571
598;to cause/to make sth happen;ling6;849
599;afternoon;haa5 zau3;2937
600;thin/to lose weight(of clothing)/tight(of meat)/lean(of land)/unproductive;sau3;3535
601;a relative;can1 cik1;3234
602;scholar;hok6 gaa1;424
603;damn it/down on one's luck;zong2 gwai2;2538
604;to chat;king1 gai2;1901
605;economy/economic;ging1 zai3;2649
606;Good night;zou2 tau2;1016
607;nerve/crazy;san4 ging1;2072
608;family name/to be surnamed;seng3;877
609;everybody/everyone;go3 wai2;1846
610;rest/to rest;jau1 sik1;77
611;to ask;man6;765
612;lychee;lai6 zi1;2413
613;to ignore;m4 coi2;1100
614;I am vegetarian;ngo5 ji6 zaai1;1083
615;to pull/to drag/to play (string instrument)/to seize/arrest/capture;laai1;37
616;other people/everybody else;jan4 dei2;2382
617;to lean against or on/to stand by the side of/to come near to/to depend on;kaau3;988
618;fog/mist/foggy;mou6;2240
619;to put on or wear/to respect/to support;daai3;1792
620;to mind to take of/fense;gaai3 ji3;1000
621;only if (..., or otherwise, ...)unless;ceoi4 fei1;2758
622;green;luk6 sik1;3483
623;empty/vacant/space;hung1;1815
624;kind/type/classifier: type, kind, sortseed/to plant;zung2;1546
625;to cry;haam3;2430
626;to want;yào;2236
627;computer;din6 nou5;433
628;not worth/while/not worth it;m4 faa3 syun3;3268
629;at once/right away/just (emphasis)in that case;zau6;2612
630;country;gwok3 gaa1;727
631;final particle: in addition/even/too/final particle: conveys a sense of regretto increase/to replenish;tim1;3455
632;My hovercraft is full of eels;ngo5 zek3 hei3 dim3 syun4 zong1 mun5 saai3 sin5;1742
633;knife/blade;dou1;785
634;channel/platform;toi4;3026
635;to think over/to consider/consideration;haau2 leoi6;1707
636;bland/tasteless;taam5;2941
637;luckily/fortunately;hou2 coi2;1184
638;[adv] entirely/completely/wholly [adv] very much?to an extreme level;saai3;543
639;to gaze (into the distance)/to look towards/towards;mong6;1825
640;vegetables/dish (type of food);coi3;845
641;echo/to make a sound/to ringloud/classifier for noises;hoeng2;2334
642;jeans;ngau4 zai2 fu3;737
643;to push;teoi1;901
644;How much is the bill in total?;zoeng3 daan1 zong2 sou3 hai6 gei1 do1 cin2 aa1?;2467
645;bill, please;m4 goi1 maai5 daan1;1234
646;to exhibit/to arrange/to move to and fro;baai2;3323
647;baby;be1 be1 zai2;1680
648;home/family;nguk1 kei2;1888
649;stair/staircase;lau4 tai1;2525
650;to compete for/to contend for/to disputeto argue;zaang1;664
651;taxi (loanword);di1 si6;2121
652;beansprouts;ngaa4 coi3;3230
653;(polite) my older sister;gaa1 ze2;2819
654;to move;juk1;2073
655;how are you?;nei5 hou2 ma1;2613
656;accurate/to allow/to grant;zeon2;2798
657;to admit an error/to acknowledge one's mistake;jing6 co3;3504
658;to go to work;faan1 gung1;2823
659;overcast (weather)cloudy;jam1;1657
660;environment/circumstances/surroundings;waan4 ging2;3286
661;for/on behalf of/to act asto serve asto behave as;wai4;726
662;argue/quarrel/bicker/squabble/tiff;aai3 gaau1;2127
663;fluent;lau4 lei6;1030
664;flashy/impressive;baa1 bai3;78
665;to sit/to take a seat;co5;1321
666;hurts/pain;tung3;1605
667;date;jat6 kei4;182
668;(college, university) president/headmaster/principal;haau6 zoeng2;2590
669;tree;syu6;576
670;wood;muk6;3392
671;wind;fung1;2965
672;all kinds/every kind;joeng6 joeng6;3551
673;to jump/to hop;tiu3;1372
674;over there/that side;go2 bin6;2032
675;noon/midday ;zung1 ng5;3127
676;hotel;zau2 dim3;2747
677;it's time/time is due/time's up;gau3 zung1;1355
678;gray;fui1;3263
679;sour;syun1;2631
680;so;gam2;1214
681;to have a pleasant journey/Bon voyage!;jat1 lou6 peng4 ngon1;1783
682;life;meng6;1696
683;short (length)brief;dyun2;1789
684;term/semester;hok6 kei4;2134
685;spring (season);ceon1 tin1;1718
686;to work/job/work;gung1 zok3;3
687;just now/a moment ago;zeng3 waa2;3325
688;v. frighten, surprise, startle/adj. scary, surprised, startled;geng1;2285
689;at the same time/simultaneously;tung4 si4;501
690;bathtub;cung1 loeng4 gong1;1216
691;to rain;lok6 jyu5;1844
692;swimming;jau4 seoi2;3416
693;to turn;zyun2;733
694;place;dei6 fong1;1255
695;granted that/even if;zau6 syun3;1980
696;verb particle indicating action in progress/to wear (clothes)/to contact/to touch/to be affected by/to catch fire;zoek6;2719
697;birthday;saang1 jat6;2114
698;behind;hau6 bin6;953
699;footleg (of an animal or an object)/base (of an object)/classifier for kicks;goek3;2665
700;to open/to start/to turn onto operate (vehicle);hoi1;3548
701;after all/all in all/when all is said and done;bat1 ging2;2698
702;Halloween;maan6 sing3 zit3;490
703;troublesome/to take a lot of trouble to do sth;fai3 si6;3354
704;question/problem;man6 tai4;2051
705;to sacrifice (one's time, freedom, career, life, etc.);hei1 saang1;1632
706;to kneel;gwai6;376
707;big;daai6;1849
708;famous;ceot1 meng4;1854
709;stop;ting4 dai1;2101
710;The tap/faucet is leaking;seoi2 lung4 tau4 lau6 seoi2;443
711;season;gwai3 zit3;3435
712;to arrive/to (a place)until (a time)(verb complement denoting completion or result of an action);dou3;2493
713;boat;syun4;1743
714;to skiskiing;gwat1 syut3;1900
715;nightdark;je6;3107
716;Have you eaten yet?;nei5 sik6 faan1 zo2 mei5 aa1;2335
717;(informal) grandma (paternal grandmother);naai5 naai5;2946
718;v. will;hui2;1063
719;pour in;dou2 jap6;3321
720;damaged/worn out/lousy;po3;522
721;exactly/precisely the caseit's like this...;zik1 hai6;3353
722;free of charge;m4 sai2 cin2;3168
723;beef;ngau4 juk6;546
724;bitter;fu2;2394
725;lost/to lose one's way;dong6 sat1 lou6;2954
726;May you have a prosperousNew Year! (New Year's greeting);gung1 hei2 faat3 coi4;131
727;to speak;jiang;3256
728;thousand;cin1;2294
729;the year after next;hau6 nin4;536
730;of course;gang2 hai6;1755
731;salty;haam4;967
732;thunder;leoi4 gung1;1127
733;dress (noun);saam1 kwan4;317
734;honest;sing4 sat6;2783
735;recently;ne1 paai4;110
736;finally/in the end;zeot1 zi1;None
737;already;ji5 ging1;3277
738;kilogram (kg);gung1 gan1;325
739;kilometer;gung1 lei5;3111
740;camera;jeng2 soeng2 gei1;280
741;paper towel/napkin;zi2 gan1;3427
742;what a pity/unfortunately;ho2 sik1;2402
743;to inquire/to investigate;tiu4 caa4;378
744;in short in brief;zung2 zi1;2241
745;ginger;goeng1;3185
746;all over the place/all around/everywhere;zau1 wai2;2505
747;to play/to have fun;waan4;527
748;story;gu3 si6;278
749;spicy;laat6;3469
750;hardworking/diligent;kan4 lik6;1671
751;Good night!Good evening!;maan5 ngon1;3202
752;road;lou6;2781
753;curriculum vitae (CV)resume;lei5 lik6 biu2;301
754;Please write it down;m4 goi1 nei5 se2 dai1 aa1? m4 goi1 bat1 gei3;None
755;Take care(Leave slowly);maan6 maan6 haang4;1537
756;to support one's parents;joeng5 fu6 mou5;1333
757;odd/strange;gwaai3;341
758;the more... the more;jyut6;249
759;to notify/to inform/notice/notification;tung1 zi1;3372
760;from now on/after/later/afterwards;ji5 hau6;1180
761;obstructing/waste of space;zo2 deng6;27
762;to doto incite/stir up/scheme;gaau2;2491
763;bookshelf;syu1 gaa2;783
764;clothes shop;saam1 pou3;1587
765;to catch/to get a hold ofto receive/to pick up somebody;zip3;333
766;please (do sth)/to treat (to a meal etc);ceng2;3314
767;habit/custom;zaap6 gwaan3;386
768;to follow closely/to go with/heel (of foot, shoe, etc);gan1;2935
769;jealous/jealousy;dou3 gei6;3000
770;calm/to calm down;laang5 zing6;220
771;vacation/holiday;gaa2 kei4;2912
772;finish up/close out/settle/move closer or nearer/to close in or up;maai4;1301
773;(familiar) elder brother;aa2 go1;1843
774;student/school/child;hok6 saang1;505
775;mistake/wrong/bad;co3;3472
776;to cross/to go over/to pass (time)/to celebrate (a holiday) excessively;gwo1;3135
777;mistake/do something wrong;gaau2 co3;1140
778;(loanword) pound (unit of weight, about 454 grams)scale;bong6 bong2;None
779;actually/really/in reality;sat6 zoi6;2931
780;classifier for long thin things (ribbon, river, road, trousers etc);tiu4;364
781;uncle (father's older brother)/polite way of addressing an older person;aa2 baa3;118
782;to break open/to opento turn on/to switch on;daa2 hoi1;1790
783;to not have;mou5;1614
784;to trick;nan2 faa3;2444
785;bridge;kiu4;1513
786;disorderly/messy/to jumble up/to mess up;lyun6;900
787;dark (of color, water etc)/deep profound ;sam1;1518
788;to accompany/to keep sb company;pui4;1565
789;especially/special;dak6 bit6;3140
790;why don't...?why not..?let us...not as good as/it would be better to;bat1 jyu4;85
791;toilet/lavatory;ci3 so2;2755
792;who;bin1 go3;2709
793;river;ho4;983
794;tomorrow;ting1 yat6;437
795;apartment building;gung1 jyu6;3059
796;beef steak;ngau4 paa2;2358
797;branch/classifier for sticks, rods, pencils etc;zi1;3252
798;all together/at the same times/imultaneously;jat1 cai4;228
799;think/consider/ponder over;lam2;3408
800;(of cooking) to steam;zing1;2414
801;to treat/treatment;deoi3 doi6;1458
802;to dress up to play (a role)to put on (an expression);baan3;924
803;thank you (for a gift);duō xiè;3308
804;there;go2 go3;1236
805;matter/thing;si6;794
806;evil/wicked;ngok3;3055
807;to clutch/to grab/to capture;zuk1;2115
808;to save money by limiting spending;haan1 cin2;1172
809;ice cream;syut3 gou1;2136
810;attractive/good-looking;leng3;1209
811;Beijing;baak1 ging1;569
812;raw rice/meter (classifier);mai5;2154
813;excited/excitement;hing1 fan5;444
814;dizzy;tau4 wan4;545
815;professor;gaau1 sau6;2969
816;to understand/understanding ;liu5 gaai2;258
817;to determine;ming4 kok3 kok3 ding6;None
818;conscience;loeng4 sam1;3541
819;in the future/the future;zoeng1 loi4;2159
820;half;bun3;3248
821;romance/love (romantic);ngoi3 cing4;426
822;mountain/hill;saan1;94
823;second (of time);miu5;1965
824;about to;zau6 jiu3;2728
825;to supervise/to inspect/jail/prison;gaam1;1969
826;completely;jyun4 cyun4;3526
827;so very (a little impolite)(the second word means ghost);gam2 gwai2;328
828;to look for (Cantonese);wan2;1915
829;to work as/to serve as[prep] at/in/on (that very moment/day/month/year);dong1;2759
830;muscle;gei1 juk6;3163
831;to welcome/welcome;fun1 jing4;2092
832;what? (Cantonese)/to squint;mat1;2450
833;to die;sei2;284
834;slowly/gently;ceoi4 ceoi4;2885
835;inside/interior;lei5 min6;1579
836;partner/boyfriend/girlfriend;deoi3 zoeng6;1942
837;yesterday;kam4 jat6;3138
838;(not only ...) but also/moreover/in additionfurthermore;ji4 ce2;2383
839;aunt (father's older sister);gu1 maa1;521
840;competition (sports etc)match;bei2 coi3;1478
841;shoe;haai4;2502
842;Canada;gaa1 naa4 daai6;1311
843;you;nei5;1868
844;going to school;faan1 hok6;529
845;allto haveto possessto own;so2 jau5;2833
846;number;lam1 baa2;2703
847;you're welcome;m4 sai2 haak3 hei3;738
848;shallow light (color);cin2;3089
849;map;dei6 tou4;3081
850;address;dei6 zi2;1390
851;(human) bodyhealth;san1 tai2;3301
852;to retire/retirement (from work);teoi3 jau1;1015
853;trousers/pants;fu3;658
854;Europe;au1 zau1;1136
855;fish;jyu4;586
856;Let's eat lunch together, okay?;ngo5 dei6 jat1 cai4 ji6 aan3 zau3 faan6 hou2 maa3?;3378
857;Let's meet there;ngo5 dei6 hai2 go3 do6 gin3;788
858;oh (interjection indicating that one has just learned sth or indicating doubt or surprise) ;o;2217
859;daydate/day of the month;jat6;1522
860;While you were eating, he came in.;nei5 sik6 gan2 go2 zan6, kui5 jap6 zo2 lei1;1761
861;to chop/to be/head (as form of capital punishment) ;zaam2;425
862;to have tea and refreshments/to have dimsum lunch;jam2 caa4;1867
863;receipt;sau1 geoi3;3341
864;to leave something behind;lau4 dai1;1195
865;to come up;soeng5 lai4;1103
866;I'll meet you then;nei5 dei6 dou3 si4 gin3;2772
867;waiter/waitress/shop assistant/sales clerk;fo2 gei3;3208
868;to give a discount;daa1 zit3;3237
869;in any case/regardless/anyhow/anyway;waang4 dim1;1308
870;clock;si4 zung1;608
871;to run;paau2;1082
872;sun;taai3 jeong4;300
873;to pass away;gwo3 san1;3187
874;to permit/to allow;jung4 heoi2;2917
875;cupboard/cabinet/wardrobe;gwai6;557
876;to go out (to town, shopping, etc.);heoi2 gaai1;2800
877;to shoot a movie;paak3 hei3;678
878;broccoli;sai1 laan4 faa1;3222
879;to like/to be fond of/happy/joyous/delighted;fun1 hei2;235
880;long;coeng4;102
881;animation/cartoon;dung6 waa2;2971
882;engineer;gung1 cing4 si1;1465
883;brothers and sisters;hing1 dai6 ze2 mui6;1149
884;??????????????;siu1 maai6;580
885;sit down;co5 dai1;566
886;clean;gon1 zeng6;2420
887;newspaper;bou3 zi2;42
888;?????????;coeng4 fan2;2852
889;New York;nau2 joek3;2722
890;lemon;ling4 mung1;926
891;to reply to respond/to promise/to agree;daap3 jing3;2740
892;Africa;fei1 zau1;2183
893;even more;gang3;219
894;v. to give/prep. to/by/have been;bei2;380
895;pot/classifier for bottled liquid;wu4;3181
896;hang onstop;mai1 zyu6;3001
897;society;se5 wui2;3174
898;make something to eat;zing2 je5 sik6;2337
899;to be in charge ofto take responsibility for;fu6 zaak3;383
900;gift/present;lai5 mat6;1412
901;step away;haang4 hoi1;1341
902;totally exhausted;gui6;826
903;to practice;lin6 zaap6;3559
904;fresh (experience, food etc);san1 sin1;360
905;supermarket;ciu1 si5;2390
906;weekend;lai5 baai1 mei5;397
907;to trust/to believe letter mail;seon3;337
908;to drive;zaa1 ce1;2365
909;insects/worm;cung4;2540
910;not yet/have not/also used as a final particle for asking whether an action has been done yet;mei6;2048
911;to get to know each otheracquaintance;soeng1 sik1;2515
912;flut/to catch cold/(common) cold;gam2 mou6;669
913;Please call a taxi for me;m4 goi1 bong1 ngo5 giu3 gaa2 di1 si6 aa1;3511
914;(used to reinforce a rhetorical question) could it be that ...?/is it possible that ...?/as if;m4 tung1;1226
915;bachelor's degree/person holding a university degree;hok6 si6;319
916;to find out/to discover;faat3 jin6;2471
917;join sb in (doing) sth;tung4 maai4;205
918;malfunctioning;waai6 zo2;1483
919;evening/night;maan5;2010
920;premeditated murder/to murder;mau4 saai3;2554
921;(coll.) mother's sister/maternal aunt;ji4 maa1;211
922;to get a haircut;fei1 faat3;1159
923;(computer) mouse;waat1 syu2;1218
924;Chinese cabbage/bok choi;baak6 coi3;2555
925;family/household;gaa1 ting4;1331
926;post office;jau4 guk6;991
927;now;ji4 gaa1;3131
928;young/youth;hau6 saang1;731
929;maiden girl;gu1 noeng4;1918
930;longan fruit;lung4 ngaan5;227
931;to joke;gong2 siu3;35
932;to wish/to express good wishes;zuk1;676
933;girlfriend;jyu5 pang4 jau5;631
934;after all (when all is said and done)actuallyoutcomein the end;gau3 ging2;653
935;poor/poverty-stricken;kung4;1863
936;musical instrument;lok6 hei3;1425
937;to feed/hello (when answering the phone);wai3;667
938;(exam) grade/score/fraction;fan1 sou3;3047
939;irritating/annoying/disguisting/unpleasant;ceoi1;2035
940;to use;jung6;2624
941;laugh/smile;siu3;393
942;Christian;gei1 duk1 tou4;996
943;to feel relieved/to be at ease;fong3 sam1;698
944;to pool together/to collude;gaap3 maai4;1695
945;to play mahjong or cards;daa2 paai4;1003
946;Buddhism;fat6 gaau1;2614
947;and then...;gan1 zyu6;2203
948;on the side;zak1 bin1;2024
949;just now;ngaam1 ngaam1;2392
950;to remember;gei3 dak1;3224
951;take-away (food);ling1 zau2;407
952;short (in height);ngai2;1613
953;to record;luk6;314
954;timeperiod;si4 gaan1;3032
955;salt;jim4;1165
956;to crawl/to climb;paa4;3307
957;formal/official;zing3 sik1;54
958;city/town;sing4 si5;792
959;elevator/escalator;din6 tai1;2718
960;to think/would like to;soeng2;3297
961;at any time/whenever;ceoi4 si4;2348
962;to feel with the hand to touch/to grope;mo2;1923
963;greedy;taam1 sam1;2831
964;number/figure/digit/to count/to enumerate;sou3;3068
965;to get up/to leave/to set forth;hei2 syun1;2326
966;I am ... years old;ngo5 ...seoi2;672
967;to hand over/to deliver/to pay (money)/to turn over;gaau1;875
968;hundred;baak3;2367
969;conveniently/it's along the way/at one's convenience;seon6 bin6;3334
970;to feel/to think ;gok3 dak1;3246
971;tomorrow morning;ting1 ziu4;294
972;tooth;ngaa4;29
973;to take a wife/to marry (a woman);ceoi2;2306
974;to decide/decision;kyut3 deng6;3049
975;to earn money/moneymaking;zaam6 cin2;180
976;handbag/purse;sau2 doi6;2252
977;also/too;jik6;1014
978;mango;mong1 gwo2;2354
979;to participate/to take partto join;caam1 gaa1;3143
980;to dare/to have the courage to;gam2;2652
981;difficult/hard;naan4;16
982;because/on account of;jan1 wai4;1678
983;who (polite);bin1 wai2;732
984;still/nevertheless;cung4 hai6;1542
985;factory;gung1 cong2;342
986;bean/pea;dau2;1289
987;to dispatch/to send/to assign;paai3;1071
988;to go through/to connect;tung1;596
989;to meet by accident/to bump into;zong6;1274
990;to get something done/to finish a job;gaau2 dim1;2765
991;classifier for clothes, events, things, etc;gin6;762
992;forever/eternal;wing5 jyun5;3326
993;search through a dictionary;caau3 zi6 din2;248
994;to be born;ceot1 saang1;3065
995;everything/every/all;jat1 cai3;287
996;to play the piano;taan4 kam4;2162
997;should/ought to/must;jing1 goi1;2215
998;to travel by/to take;daap3;1656
999;to visit/to explore/to search out/to scout ;taam3;1719
1000;doorway/gate;mun4 hau2;2208
1001;to graduate/graduation;bat1 jip6;109
1002;all/whole/entire/every/complete;cyun4;2454
1003;courage/""man enough"";gau3 daam2;1554
1004;news/information;siu1 sik1;2688
1005;bored/stuffy;mun6;1484
1006;noisy/bustling/tumultuous;cou4;1976
1007;music;jam1 ngok6;3272
1008;to listen/to hear/to obey;teng1;1725
1009;to praise;zaan3;1727
1010;too (much)/excessively;taai3;3179
1011;vegetables;so1 coi3;2794
1012;white;baak6 sik1;1053
1013;light/bright;gwong1;899
1014;to know how;sik1;3338
1015;namefame/reputation;meng4;2075
1016;it's okay/it doesn't matter/unimportant;m4 gan2 jiu1;1260
1017;(postage) stamp;jau4 piu3;2386
1018;highway/road;gung1 lou6;2190
1019;classifier for shop, house, room, etc;gaan1 and gaan3;2815
1020;no motivation/no interest;mou5 sam1 gei1;133
1021;anniversary/annual;zau1 nin4;2732
1022;to be at, in or on;hai2;965
1023;to arrage/to set in order/to make ready;zing2;3283
1024;[adj] whole/full[adv]/almost/nearly/to succeed/to complete/to become;cing4;1359
1025;Particle used in requests and imperatives;laa1;2961
1026;miserable/wretched/pitiful/tragic;caam2;1638
1027;what to do?/how to resolve this?;dim2 syun3;568
1028;Renminbi (RMB)/Chinese Yuan (CNY);jan4 man4 bai6;560
1029;fat;fei4;2230
1030;foolish;so4;1720
1031;either/or(more decisive than 或者);jat1 hai6;1479
1032;hospitable/passionate;jit6 cing4;939
1033;how have you been lately?;zuì jìn diǎn ya;779
1034;culture;man4 faa3;387
1035;to go;qù;3488
1036;to walk/to go;haang4;2205
1037;illness/disease/to fall ill;beng6;2962
1038;Please say it again;m4 goi1 nei5 gong2 do1 jat1 ci3 aa1? m4 goi1 zoi3 gong2;None
1039;on top/above/upper/previous/first (of multiple parts)/to climb/to go up/to attend (class or university);soeng5;958
1040;right/okay/a final particle often used to explain something (mostly) readily understood or (occasionally) not already known;yā ma;1031
1041;Can you suggest a place for lunch?;ho1 ji5 gaai3 siu6 go3 ji6 aan3 ge3 dei6 fong1 maa1?;3229
1042;Why is it necessary...?/Why must...? (used in rhetorical questions that implies something is not necessary);sai2 mat1;190
1043;reason/sense/logic;dou3 lei5;1494
1044;to recognize/to identify/to admit/to ackowledge/to agree;jing6;3114
1045;When should vacate the room?;ngo5 gei1 si4 yiu1 teoi3 fong2 aa1?;1550
1046;to consult/to talk over/to discuss;soeng1 loeng4;3139
1047;Is there someone who speaks English?;jau5 mou5 jan4 sik1 gong2 jing1 man4 aa1?;1394
1048;to review/revision;fuk1 zaap6;3566
1049;busy;mong4;3093
1050;fire!;fo2 zuk1 aa1;1106
1051;goodbye (modest formula)/Excuse me, I must leave.;sat1 pui4;1838
1052;(indicating time of day) o'clock;dim2 zung1;146
1053;hand;sau2;704
1054;to continue/to proceed with;gai3 zuk6;2488
1055;to misunderstand/to mistake/misunderstanding;ng6 wui6;3211
1056;not until/only then/when;sin1 zi3;462
1057;to travel/journey/trip;leoi5 haang4;2655
1058;to feel happy/to rejoice;hoi1 sam1;2058
1059;condition/term/clause/requirement/prerequisite/qualification;tiu4 gin6;2952
1060;husband;zoeng6 fu1;14
1061;banana;hoeng1 ziu1;1065
1062;privately-owned/private;si1 jing4;2886
1063;star;xīng;2112
1064;yellow;wong4;691
1065;soy sauce;si6 jau4;1795
1066;neighbor;gaak3 lei4;1511
1067;cool;laang5;2355
1068;this morning;gam1 ziu1 zou2;3021
1069;to try/to test/experiment/examination/test;si3;1561
1070;good morning;jou2 san1;3148
1071;[n] dollar/classifier for coinage;man4;2084
1072;dirty/sloppy;laat6 taap3 wu1 zou1;None
1073;serious;jim4 zung6;3074
1074;in that case/in this way/just like that;gaam6;1512
1075;Do you understand?;nei5 ming4 m4 ming4 aa1?;1019
1076;to return (to);faan1;461
1077;next year;ceot1 nin4;1329
1078;to take an exam/exam;haau2 si3;2124
1079;straight (in a straight line)/continuously;jat1 zik6;1232
1080;crab;haai5;3331
1081;houseroom;fong2;474
1082;teacher;lou5 si1;2512
1083;familiar/skilled/cooked/ripe, mature;suk6;1875
1084;success/to succeed;cing4 gung1;2231
1085;plan/to plan;gai3 waak6;1186
1086;to lose/to missto fail;sat1;2733
1087;year;nin4;660
1088;classifier for people (honorific);wai2;3128
1089;stomach/belly;tou5;2222
1090;chocolate;zyu1 gu2 lik6;2120
1091;small box/case;haap6;1887
1092;to know/to become aware of;zi1 dou3;41
1093;to be called/to be known as;giu3 zou6;2013
1094;to go back;faan1 heoi2;2214
1095;afterthen (afterwards);jin4 hau6;3190
1096;caption/subtitle;zi6 mok6;3300
1097;thank you (for a service);m4 goi1;1010
1098;ice;bing1;1594
1099;cough ;kat1;3366
1100;Good luck;zuk1 nei5 hou2 wan6;756
1101;pillow;zam2 tau4;524
1102;kitchen;cyu4 fong2;2291
1103;so therefore;so2 ji5;790
1104;last year;gau6 nin4;2932
1105;to pour (liquid)/to discuss/negotiate;zam1;3206
1106;mathematics/mathematical;sou3 hok6;1360
1107;fast/soon;faai3;3149
1108;to make clear/to explain;gong2 ming4;2704
1109;Stop bothering me/Leave me alone;m4 hou2 gaau2 ngo5;802
1110;but/however;daan6 hai6;1109
1111;back/behind/rear;hau6;457
1112;to talk nonsense;lyun6 ngap1;3200
1113;delicious;hou2 mei6;2496
1114;to be like/to be very similar/to resemble;hou2 ci5;3193
1115;to ride a horse;ke4 maa5;1349
1116;to be willing/to agree/to consent/to be ready (to do sth);hang2;2749
1117;classifier for planes, large vehicles, radios etc;gaa2;836
1118;portable computer;sau2 tai4 din6 nou5;943
1119;to shout/to call/to order;giu3;338
1120;send a text;faat3 dyun2 seon3;1005
1121;religious belief/to practice a faith/to be religious;seon3 gaau3;3164
1122;suddenly;fat1 jin4 gaan1;2573
1123;explanation/to explain/to interpret;gaai2 sik1;3359
1124;(coll.) wife;lou5 po4;1141
1125;(once) again/also;jau6;2439
1126;to fall down/fall forward;dit3 can1;1363
1127;to detest;zang1;400
1128;what/which/final particle which transforms statements into questions that indicate doubt or surprise (Cantonese);miē;2378
1129;program/item (on a program);zit3 muk6;2403
1130;ticket;piu3;2620
1131;left;zo2;3518
1132;basketball;laam4 kau4;1852
1133;chopsticks;faai3 zi2;3097
1134;carrot/radish;hung4 lo4 baak6;3169
1135;all day long/the whole daythe whole time/frequently/always;cing4 jat6;3035
1136;The air conditioner is too noisy;laang5 hei3 hou2 cou4 aa1;1132
1137;museum;bok3 mat6 gun2;1615
1138;to steal;tau1;1753
1139;to cherish/to care for tenderly;sek3;1365
1140;roadpath;dou3;2495
1141;Imemy;ngo5;3387
1142;friend;pang4 jau5;2656
1143;horse;maa5;3247
1144;manager;ging1 lei5;562
1145;plant/vegetation;zik6 mat6;2770
1146;means/way (of doing sth);baan6 faat3;755
1147;same/similar;tóng;3442
1148;coffee (loanword);gaa1 fe1;618
1149;bill/list/single;daan1;2145
1150;mother's brother/maternal uncle;kau3 fu2;1693
1151;to stand;kei5;1146
1152;department store;baak3 fo3 gung1 si1;3414
1153;only/merely/just;zing6 hai6;636
1154;husband and wife/married couple;fu1 cai1;1024
1155;older male cousin;biu2 go1;1610
1156;real/true/genuine;zan1;3061
1157;to be picky;gaan2 zaak6;1647
1158;house;nguk1;3250
1159;to change/to exchange;wun6;1158
1160;sleepy;ngaan5 fan3;2750
1161;naughty/mischievous/unruly;tiu3 pei4;2918
1162;calculator;gai3 sou3 gei1;149
1163;worth buying;dai2 maai5;3388
1164;oceansea;hoi2;689
1165;Macau;ou3 mun2;1570
1166;other(sth or sb else)/the rest;kei4 taa1;3122
1167;pharmacy/drug store;joek6 fong2;221
1168;to provoke;ci3 gik1;706
1169;to calculate/to compute/to count/meter/gauge;gai3;832
1170;to wish for/to desire/hope;hei1 mong6;2109
1171;to send out;faat3;2906
1172;minute;fan1 zung1;3345
1173;this time;gam1 ci3;414
1174;to check/to investigate/to examine;caa4;1434
1175;actor or actress/performer;jin2 jyun4;1934
1176;police/police officer;ging2 caat3;2535
1177;language;jyu5 jin4;813
1178;bank;ngan4 hong4;1705
1179;washroom;sai2 sau2 gaan1;1595
1180;a suit/a set;jat1 tou3;354
1181;classifier for gifts, newspaper, magazine, papers, reports, contracts etc;fan6;1336
1182;classifier for headwear, hats, veils etc;deng2;1059
1183;to achieve prosperity/to succeed in becoming rich;faat3 daat6;1988
1184;to change/to become different;bin3;2479
1185;to get rid of/to remove(to take off shirt, shoes, pants, etc.);ceoi4;852
1186;to act on behalf of sb in a responsible position/to act as an agent or proxy/surrogate;doi6 lei5;3436
1187;warm;nyun5;775
1188;afterwards/following/later/after;zi1 hau6;2462
1189;formerly/at first/used to be/original/true/natural;bun2 lai4;256
1190;Where are you from?;nei5 jau4 bin1 dok6 lai2 gaa2？;719
1191;smells good;hoeng1;2786
1192;to devote one's effort/to give one's heart and mind;bei2 sam1 gei1;710
1193;temporary/provisional/for the time being;zaam6 si4;3115
1194;Please give me a...;m4 goi1 bei2 ngo5...;215
1195;to kill oneself/to commit suicide;zi6 saat3;57
1196;clearly/brightly;ming4 ming4;966
1197;any/whichever;jam6 ho4;711
1198;to be or not to be;hai6 m4 hai6;1006
1199;to depart/to leave;lei4 hoi1;1314
1200;late/delayed/slow;ci4;1881
1201;ear;ji5;1649
1202;to forget;mong4 gei3;3023
1203;to needto require;seoi1 jiu1;1055
1204;hair (on the head);tau4 faat3;266
1205;soft;nam4;752
1206;v. to come;lei4;2648
1207;courteous/well-mannered;lai5 maau6;231
1208;just now/a moment ago;tau4 sin1;1500
1209;promise/agree/pledge;jing1 sing4;2494
1210;to cheat/to deceive;aak1;2151
1211;extremely;fei1 soeng4;2068
1212;grapes;tai4 zi2;1588
1213;hobby/interest;hing1 ceoi3;2089
1214;See you later;ci4 di1 gin3;2077
1215;to escape from capture ;zau2 lat1;2012
1216;to believe/to think/to feel;jing6 wai4;544
1217;research/a study;jin4 gau3;3281
1218;luggage;haang4 lei5;2211
1219;low;dai1;1219
1220;badminton;jyu5 mou4 kau4;931
1221;comparatively/in comparison;bei2 gaau3;1699
1222;building/to construct;gin3 zuk1;3062
1223;long (period of time);noi6;3421
1224;in fact/actually;kei1 sat6;2537
1225;to grieve/to be broken-hearted/to feel deeply hurt;soeng1 sam1;2245
1226;to boil;gwan2 bou1;None
1227;Call the police;giu3 ging2 caat3 bou3 ging2;None
1228;lamp/light;dang1;44
1229;apple;ping4 gwo2;226
1230;since/this being the case;gei3 jin4;1722
1231;to hire/to rent;zou1;2482
1232;first early ;sin1;718
1233;to eat lunch;ji6 aan3;76
1234;to exercise/sports/exercise;wan6 dung6;3009
1235;toilet paper;ci3 zi2;1087
1236;to drag/to tow;to1;2096
1237;;zung2;3121
1238;casual/to do as one pleases/careless;kau4 gei1;642
1239;younger brother;sai3 lou2;329
1240;because of/for the purpose of;wai4 zo2;955
1241;urgent/pressing/worried;gap1;3287
1242;undertaking/project/occupation;si6 jip6;2417
1243;hour;siu2 si4;2213
1244;where;bin1 dou3;799
1245;to scare/to intimidate/to threaten;haak3;2867
1246;to bring/to carry/to contain/to bear/to look after/belt/band/tape;daai2;881
1247;quiet/peaceful/calm;ngon1 zing6;1491
1248;bus stop;baa1 si6 zaam6;2198
1249;to introduce (sb to sb)introductionto present, to pitch;gaai3 siu6;2603
1250;shy;paa3 cau2;1371
1251;money;cin2;3545
1252;to return (person);faan1 lai2;1396
1253;fewless;siu2;3172
1254;maybe/possibility;hou1 nang4;1400
1255;weekday of the week;seng1 gei1;1328
1256;to ride a bike;jaai2 daan1 ce1;2922
1257;pair towards/to treat (sb a certain way)/to adjust;deoi3;47
1258;modal particle indicating that sth is obvious [粵] used as an interrogative in a yes-or-no question, sounding like 'do you?', 'are you?', 'would you?', etc | [國] 嗎;maa3;3356
1259;available/to have free time;dak1 haan4;2016
1260;to fall or drop/to descend/(to write) down;lok6;2901
1261;another day;dai6 jat6;728
1262;sometimes;jau5 si4;3186
